district_id,name,dealers_count,contact_info,dealer_names
1,Chennai,15,contact-chennai@amsbikers.com,"TVS Chennai, Honda Showroom, Yamaha Arena, Royal Enfield Flagship"
2,Coimbatore,12,contact-coimbatore@amsbikers.com,"Royal Enfield Coimbatore, Bajaj Motors, KTM Showroom"
3,Madurai,8,contact-madurai@amsbikers.com,"Hero Madurai, Suzuki Plaza, Honda World"
4,Trichy,6,contact-trichy@amsbikers.com,"KTM Trichy, Honda World, Yamaha Center"
5,Salem,5,contact-salem@amsbikers.com,"Yamaha Salem, TVS Motors, Bajaj Arena"
6,Tirunelveli,4,contact-tirunelveli@amsbikers.com,"Royal Enfield Tirunelveli, Hero Showroom"
7,Erode,5,contact-erode@amsbikers.com,"Honda Erode, Suzuki Motors, TVS Plaza"
8,Vellore,4,contact-vellore@amsbikers.com,"Yamaha Vellore, Bajaj Showroom"
9,Kanyakumari,3,contact-kanyakumari@amsbikers.com,"Hero Kanyakumari, Honda Beachside"
10,Dindigul,3,contact-dindigul@amsbikers.com,"Royal Enfield Dindigul, TVS Motors"
